"Escenario","Prior","ESS_a","ESS_b","AR_a_pct","AR_b_pct","Rhat_a","Rhat_b"
"Prov1","Gamma",363.6,374.4,46.8,46.8,1.006,1.005
"Prov1","Jeffreys",399.1,391.1,43.6,43.6,1,1.002
"Prov1","TTB",319.4,313.6,50.2,50.2,1.009,1.007
"Prov2","Gamma",832,662,60.8,60.8,1,1.002
"Prov2","Jeffreys",711.3,604.9,60.6,60.6,1.003,1.002
"Prov2","TTB",684.6,519.7,64.4,64.4,1,1.004
"Prov3_Esce_1","Gamma",1805,1791.5,59.4,59.4,1.003,1.003
"Prov3_Esce_1","Jeffreys",1897.9,1993.9,70.3,70.3,1.001,1
"Prov3_Esce_1","TTB",1928.4,1879.9,67.4,67.4,1.001,1
"Prov3_Esce_2","Gamma",1889.7,1716.7,59,59,1,1.003
"Prov3_Esce_2","Jeffreys",1737.8,1909.7,63.8,63.8,1.001,1.004
"Prov3_Esce_2","TTB",1967.1,1630.1,75.5,75.5,1.002,1.007
"Prov3_Esce_3","Gamma",1855,2024.4,66.9,66.9,1.001,1
"Prov3_Esce_3","Jeffreys",1710.9,1754.9,56.8,56.8,1.002,1.004
"Prov3_Esce_3","TTB",1714.3,2053.8,71.3,71.3,1.009,1.003
"Prov3_Esce_4","Gamma",1892.9,1740.6,58.4,58.4,1,1.004
"Prov3_Esce_4","Jeffreys",1950.1,1944.1,68.2,68.2,1.001,1.001
"Prov3_Esce_4","TTB",1885.7,2104.2,69.4,69.4,1.002,1.001
"Prov3_Esce_5","Gamma",1993.8,1875.4,64,64,1.003,1.001
"Prov3_Esce_5","Jeffreys",1868.1,1922.5,60.9,60.9,1.002,1.002
"Prov3_Esce_5","TTB",1906.1,2004.9,67.2,67.2,1,1
"Prov3_Esce_6","Gamma",1676.6,1939.3,61.9,61.9,1,1
"Prov3_Esce_6","Jeffreys",1676.2,1798.5,67,67,1,1.004
"Prov3_Esce_6","TTB",1716.6,1785.8,65.2,65.2,1.002,1.004
"Prov3_Esce_7","Gamma",1758.2,1845.2,59.8,59.8,1,1.002
"Prov3_Esce_7","Jeffreys",2142.9,2103.7,70.8,70.8,1.002,1.003
"Prov3_Esce_7","TTB",1917.6,1963.5,61.3,61.3,1.001,1.002
"Prov3_Esce_8","Gamma",1894.3,1943.2,62.5,62.5,1,1.001
"Prov3_Esce_8","Jeffreys",1804.9,1947.2,68.5,68.5,1.003,1.001
"Prov3_Esce_8","TTB",1947.8,2059.7,68.7,68.7,1.003,1.002
"Prov3_Esce_9","Gamma",1911.7,1677.3,57.8,57.8,1,1.001
"Prov3_Esce_9","Jeffreys",1872.5,1912.8,61.9,61.9,1,1
"Prov3_Esce_9","TTB",1885,2026.7,61.6,61.6,1.003,1
"Prov3_Esce_10","Gamma",1900.3,1712.5,61.3,61.3,1,1.002
"Prov3_Esce_10","Jeffreys",2130,1908.1,66.1,66.1,1.002,1
"Prov3_Esce_10","TTB",1684.6,1746.2,62,62,1.002,1.001
"Prov3_Esce_11","Gamma",1987,2101.2,74.5,74.5,1.003,1.002
"Prov3_Esce_11","Jeffreys",2020.7,2130.8,70.8,70.8,1.001,1
"Prov3_Esce_11","TTB",1730.8,1980.1,61.2,61.2,1,1.001
"Prov3_Esce_12","Gamma",1749.1,1811.5,60.3,60.3,1.001,1.003
"Prov3_Esce_12","Jeffreys",1646.9,1936.4,64.4,64.4,1.002,1.001
"Prov3_Esce_12","TTB",2078.3,2247,68.6,68.6,1.002,1.003
"Prov3_Esce_13","Gamma",1744.5,1767,59.4,59.4,1.001,1.001
"Prov3_Esce_13","Jeffreys",1671.7,1675.2,54.7,54.7,1.001,1.001
"Prov3_Esce_13","TTB",1677.8,1702.8,56,56,1.001,1.001
"Prov3_Esce_14","Gamma",2110.1,2073.2,69.1,69.1,1.001,1.002
"Prov3_Esce_14","Jeffreys",1976.5,1990.2,75.6,75.6,1,1
"Prov3_Esce_14","TTB",1998.4,1989,61.7,61.7,1,1
"Prov3_Esce_15","Gamma",1962.7,1997,57.9,57.9,1.001,1
"Prov3_Esce_15","Jeffreys",1937.4,1939.1,75.7,75.7,1,1
"Prov3_Esce_15","TTB",1848.2,1875.4,65.8,65.8,1.004,1.005
"Prov3_Esce_16","Gamma",1818.4,1868.7,65.2,65.2,1.001,1
"Prov3_Esce_16","Jeffreys",1884.8,1793.9,59.3,59.3,1.001,1.001
"Prov3_Esce_16","TTB",1623.3,1906.2,67.8,67.8,1.001,1
"Prov3_Esce_17","Gamma",1872.4,1953.9,69.6,69.6,1.003,1.003
"Prov3_Esce_17","Jeffreys",1777.9,1783.3,58.9,58.9,1.001,1.001
"Prov3_Esce_17","TTB",1662.1,1674.7,58.8,58.8,1,1
"Prov3_Esce_18","Gamma",1607.4,1568.3,64.2,64.2,1.003,1.003
"Prov3_Esce_18","Jeffreys",1817.1,1788.1,56.1,56.1,1,1
"Prov3_Esce_18","TTB",1875.9,1862.8,64.8,64.8,1,1
"Prov3_Esce_19","Gamma",1741.6,1791.5,58,58,1,1.001
"Prov3_Esce_19","Jeffreys",2000.7,1823.7,69.9,69.9,1,1.001
"Prov3_Esce_19","TTB",1753.9,2034.1,63,63,1.002,1.005
"Prov3_Esce_20","Gamma",1902,1852.8,67.4,67.4,1,1.002
"Prov3_Esce_20","Jeffreys",2079.2,2112.6,72.8,72.8,1,1
"Prov3_Esce_20","TTB",1836.6,1907.1,62.1,62.1,1.005,1.001
"Prov3_Esce_21","Gamma",1570.7,1700.8,63.8,63.8,1,1.003
"Prov3_Esce_21","Jeffreys",1923,2000.8,72.6,72.6,1.001,1
"Prov3_Esce_21","TTB",1874.4,1873.2,67.1,67.1,1,1.003
"Prov3_Esce_22","Gamma",1890.1,2130.3,66.3,66.3,1.001,1.003
"Prov3_Esce_22","Jeffreys",1826.6,1782.9,65.3,65.3,1,1
"Prov3_Esce_22","TTB",1788.5,1986,63.8,63.8,1,1.009
"Prov3_Esce_23","Gamma",1719.1,1678.3,59.4,59.4,1.001,1
"Prov3_Esce_23","Jeffreys",1651,1778,65.6,65.6,1,1
"Prov3_Esce_23","TTB",1921.3,1971.1,62.1,62.1,1.002,1.001
"Prov3_Esce_24","Gamma",1877,2320.1,66.1,66.1,1,1
"Prov3_Esce_24","Jeffreys",1778.7,1794,62.4,62.4,1.002,1.002
"Prov3_Esce_24","TTB",1719.1,1707.6,57.9,57.9,1,1.001
"Prov3_Esce_25","Gamma",1725.3,1879.6,57.8,57.8,1.002,1
"Prov3_Esce_25","Jeffreys",2088.2,1944.2,70.9,70.9,1.001,1
"Prov3_Esce_25","TTB",1815.9,1902.5,59.3,59.3,1.001,1
"Prov3_Esce_26","Gamma",1847.5,1880.3,67.1,67.1,1,1.004
"Prov3_Esce_26","Jeffreys",1945.9,1775.7,61.2,61.2,1.005,1.001
"Prov3_Esce_26","TTB",1829.1,1705,67.8,67.8,1.002,1.006
"Prov3_Esce_27","Gamma",1916,1933.8,67.5,67.5,1.004,1
"Prov3_Esce_27","Jeffreys",1888,1838.2,66.8,66.8,1.005,1.001
"Prov3_Esce_27","TTB",2119.7,2157.6,66.6,66.6,1.005,1.007
"Prov3_Esce_28","Gamma",1785.3,1853.7,61.9,61.9,1.002,1.002
"Prov3_Esce_28","Jeffreys",1787.9,1878.9,71,71,1.002,1.004
"Prov3_Esce_28","TTB",2253.4,1709.5,58.1,58.1,1,1
"Prov3_Esce_29","Gamma",1914.5,1871.4,61.4,61.4,1.002,1.005
"Prov3_Esce_29","Jeffreys",1822.5,1942.1,62.1,62.1,1.002,1.002
"Prov3_Esce_29","TTB",1683.4,1756.9,65.1,65.1,1.001,1.001
"Prov3_Esce_30","Gamma",2102.4,1857.9,64.1,64.1,1.002,1.001
"Prov3_Esce_30","Jeffreys",2026.8,2040.5,63,63,1.001,1.001
"Prov3_Esce_30","TTB",1519.1,2091.5,67.4,67.4,1,1.001
"Prov3_Esce_31","Gamma",1929.5,1943.7,69.1,69.1,1.001,1.001
"Prov3_Esce_31","Jeffreys",1772.7,1697.7,63.5,63.5,1,1
"Prov3_Esce_31","TTB",1797.5,1816.9,67.2,67.2,1.001,1
"Prov3_Esce_32","Gamma",2221.9,2194.1,60.3,60.3,1.003,1.004
"Prov3_Esce_32","Jeffreys",1717.3,1772.9,64,64,1,1
"Prov3_Esce_32","TTB",1951.4,1957.9,68.7,68.7,1.001,1
"Prov3_Esce_33","Gamma",1540.7,1624.1,67.7,67.7,1.001,1.001
"Prov3_Esce_33","Jeffreys",2111.9,2074,75.2,75.2,1,1
"Prov3_Esce_33","TTB",1796.1,1802.8,64.6,64.6,1.004,1.003
"Prov3_Esce_34","Gamma",1937.8,2047.1,70.3,70.3,1,1
"Prov3_Esce_34","Jeffreys",1947.3,1938.5,67.2,67.2,1,1
"Prov3_Esce_34","TTB",1882.3,1810.5,58.5,58.5,1,1
"Prov3_Esce_35","Gamma",1677.2,1733.2,60.5,60.5,1,1.001
"Prov3_Esce_35","Jeffreys",1900.3,1864.9,60.6,60.6,1.001,1.001
"Prov3_Esce_35","TTB",1953.1,1964.2,66,66,1.001,1.002
"Prov3_Esce_36","Gamma",1703.3,1704.2,63.7,63.7,1,1.001
"Prov3_Esce_36","Jeffreys",1771.4,1858.6,62.1,62.1,1.002,1.002
"Prov3_Esce_36","TTB",1844,1823.9,61.5,61.5,1.001,1.002
"Prov3_Esce_37","Gamma",1955.2,1884.8,70,70,1.001,1.002
"Prov3_Esce_37","Jeffreys",1825.8,1872.7,66.7,66.7,1.004,1.002
"Prov3_Esce_37","TTB",1849.2,2068.9,64.7,64.7,1.001,1
"Prov3_Esce_38","Gamma",1823.9,1890,60.3,60.3,1,1.001
"Prov3_Esce_38","Jeffreys",1992.5,1994.7,66.8,66.8,1.001,1.001
"Prov3_Esce_38","TTB",1978.9,1836.3,67.2,67.2,1,1.003
"Prov3_Esce_39","Gamma",1925.4,1760.2,55,55,1.002,1.001
"Prov3_Esce_39","Jeffreys",1825.4,2101,66.8,66.8,1.001,1.001
"Prov3_Esce_39","TTB",1922.2,2108.6,61.2,61.2,1.001,1
"Prov3_Esce_40","Gamma",1756.7,1992.8,69.9,69.9,1.002,1.001
"Prov3_Esce_40","Jeffreys",1837,2008.2,73.7,73.7,1,1.001
"Prov3_Esce_40","TTB",1861.6,1859.2,58.5,58.5,1.001,1.001
"Prov3_Esce_41","Gamma",1856.4,1825.3,65.7,65.7,1.001,1.015
"Prov3_Esce_41","Jeffreys",1743.6,2084.6,70.2,70.2,1.001,1
"Prov3_Esce_41","TTB",1912.4,1926.9,64.6,64.6,1.002,1.001
"Prov3_Esce_42","Gamma",1929.3,1987.4,66.2,66.2,1,1.001
"Prov3_Esce_42","Jeffreys",1767.1,1749.2,62.4,62.4,1.002,1.001
"Prov3_Esce_42","TTB",1999.2,1954.4,72.5,72.5,1,1.001
"Prov3_Esce_43","Gamma",2040.4,1875.1,61.1,61.1,1.001,1
"Prov3_Esce_43","Jeffreys",1958.5,1893.1,74.9,74.9,1,1.001
"Prov3_Esce_43","TTB",1835.6,1960.5,63.6,63.6,1.001,1.001
"Prov3_Esce_44","Gamma",1794.6,2025.9,67.4,67.4,1,1
"Prov3_Esce_44","Jeffreys",1788.7,2070.3,66.3,66.3,1.002,1
"Prov3_Esce_44","TTB",1787.6,1984.2,66.7,66.7,1.003,1.007
"Prov3_Esce_45","Gamma",1829.1,1842.9,57.7,57.7,1.001,1
"Prov3_Esce_45","Jeffreys",1578.1,1824.8,74,74,1.003,1.003
"Prov3_Esce_45","TTB",2130.7,2122.4,67.2,67.2,1.002,1
"Prov3_Esce_46","Gamma",2003.6,1752.2,67.4,67.4,1.002,1.001
"Prov3_Esce_46","Jeffreys",1793.7,1661.5,55.5,55.5,1,1
"Prov3_Esce_46","TTB",2102.9,2191.7,66.1,66.1,1.002,1.004
"Prov3_Esce_47","Gamma",2463.2,1944.3,64.4,64.4,1,1
"Prov3_Esce_47","Jeffreys",1857,1796.3,59.8,59.8,1.001,1
"Prov3_Esce_47","TTB",2113.8,2284.8,64.9,64.9,1,1
"Prov3_Esce_48","Gamma",1804,1804.8,57.4,57.4,1,1.001
"Prov3_Esce_48","Jeffreys",1885.9,1807.8,61.3,61.3,1.001,1
"Prov3_Esce_48","TTB",1860.5,1782.7,58,58,1.002,1
"Prov3_Esce_49","Gamma",2053.3,1954.5,65,65,1,1
"Prov3_Esce_49","Jeffreys",2015.4,1978.7,68.1,68.1,1.004,1.004
"Prov3_Esce_49","TTB",1895.8,1842.3,64.9,64.9,1.001,1
"Prov3_Esce_50","Gamma",1827.2,1969.3,68.4,68.4,1.009,1.006
"Prov3_Esce_50","Jeffreys",1840.8,1875.1,65.4,65.4,1,1.001
"Prov3_Esce_50","TTB",1789.2,1988.8,63.5,63.5,1.003,1.005
"Prov3_Esce_51","Gamma",1956.8,1853.3,66,66,1.003,1.002
"Prov3_Esce_51","Jeffreys",1752.7,1770.9,59,59,1,1
"Prov3_Esce_51","TTB",1945,1950.4,66.8,66.8,1,1
"Prov3_Esce_52","Gamma",1793.7,1979.2,65.6,65.6,1.002,1.001
"Prov3_Esce_52","Jeffreys",1940,1931.8,60.3,60.3,1.001,1
"Prov3_Esce_52","TTB",1853,1855.2,66.2,66.2,1,1
"Prov3_Esce_53","Gamma",1754.1,1911.9,66,66,1.002,1.003
"Prov3_Esce_53","Jeffreys",1964.9,1888.4,62.8,62.8,1.001,1
"Prov3_Esce_53","TTB",2131,2037.5,68.7,68.7,1.002,1
"Prov3_Esce_54","Gamma",1767.3,1696,56.7,56.7,1.004,1.005
"Prov3_Esce_54","Jeffreys",1934.9,2148.7,71.3,71.3,1.004,1.004
"Prov3_Esce_54","TTB",1831.6,1884.1,70.8,70.8,1.001,1.002
"Prov3_Esce_55","Gamma",1792,2024.7,60.8,60.8,1.004,1
"Prov3_Esce_55","Jeffreys",1817.7,1904.6,53.6,53.6,1.001,1.001
"Prov3_Esce_55","TTB",1958.5,2142,67.7,67.7,1,1
"Prov3_Esce_56","Gamma",1851.5,1969.8,63.8,63.8,1.001,1
"Prov3_Esce_56","Jeffreys",1934.6,1863.3,65.2,65.2,1.002,1
"Prov3_Esce_56","TTB",1829,1787.7,70,70,1.002,1
"Prov3_Esce_57","Gamma",1999.7,1929.9,66.4,66.4,1,1
"Prov3_Esce_57","Jeffreys",1945.3,2034.7,67.7,67.7,1,1
"Prov3_Esce_57","TTB",1702.1,1776.5,64.2,64.2,1,1.002
"Prov3_Esce_58","Gamma",1941.2,1998.2,62.8,62.8,1.004,1.002
"Prov3_Esce_58","Jeffreys",1716.4,1729.8,58.6,58.6,1,1.001
"Prov3_Esce_58","TTB",1713.6,1902.7,59.9,59.9,1.003,1.005
"Prov3_Esce_59","Gamma",1872.3,1747.8,71.2,71.2,1,1.002
"Prov3_Esce_59","Jeffreys",1732.1,1934.9,62.2,62.2,1,1
"Prov3_Esce_59","TTB",1855.3,2180.5,70.5,70.5,1,1.006
"Prov3_Esce_60","Gamma",1504.6,2397.8,62.3,62.3,1,1.003
"Prov3_Esce_60","Jeffreys",14.5,1293,67.9,67.9,1.653,1.003
"Prov3_Esce_60","TTB",15.2,1168.8,68.4,68.4,1.4,1.018
"Prov3_Esce_61","Gamma",1672.6,1995.8,68.8,68.8,1.002,1
"Prov3_Esce_61","Jeffreys",1688,1736.1,56.3,56.3,1.001,1
"Prov3_Esce_61","TTB",1655.6,2221.5,61.4,61.4,1,1
"Prov3_Esce_62","Gamma",1715.5,1618.2,57.8,57.8,1.001,1.001
"Prov3_Esce_62","Jeffreys",1490,1893.5,66,66,1,1.001
"Prov3_Esce_62","TTB",1782.2,1979.7,71.7,71.7,1.004,1.001
"Prov3_Esce_63","Gamma",1798.8,1909.3,58.3,58.3,1.001,1.001
"Prov3_Esce_63","Jeffreys",2061.3,1776.5,71.3,71.3,1.002,1.005
"Prov3_Esce_63","TTB",1776,1958.8,60.9,60.9,1,1.002
"Prov3_Esce_64","Gamma",1710.9,1677.7,53.7,53.7,1.002,1
"Prov3_Esce_64","Jeffreys",1830.1,1938.5,67.2,67.2,1.001,1
"Prov3_Esce_64","TTB",1744.2,1807.3,61.7,61.7,1.001,1.004
"Prov3_Esce_65","Gamma",1651.9,1741.1,55.5,55.5,1.001,1.003
"Prov3_Esce_65","Jeffreys",1677.3,1931.7,61.6,61.6,1.001,1
"Prov3_Esce_65","TTB",2032.7,1985.8,58.7,58.7,1,1.001
"Prov3_Esce_66","Gamma",1948.7,2142.4,61.9,61.9,1.002,1
"Prov3_Esce_66","Jeffreys",1927.1,1954.1,69.2,69.2,1.001,1.002
"Prov3_Esce_66","TTB",1780.7,2259.4,64.3,64.3,1.001,1.001
"Prov3_Esce_67","Gamma",1857.3,1839.1,71.3,71.3,1.001,1
"Prov3_Esce_67","Jeffreys",1676.5,1640.3,69.2,69.2,1.001,1.001
"Prov3_Esce_67","TTB",1959.3,2014.8,69.2,69.2,1.003,1.004
"Prov3_Esce_68","Gamma",1795.8,1873.4,55.4,55.4,1.004,1.002
"Prov3_Esce_68","Jeffreys",1878.2,1860.8,69.6,69.6,1.001,1.001
"Prov3_Esce_68","TTB",1982.3,1865.2,63.2,63.2,1.001,1.001
"Prov3_Esce_69","Gamma",1946.5,1897.4,74.2,74.2,1.001,1.001
"Prov3_Esce_69","Jeffreys",1714.7,1810.4,72.3,72.3,1,1
"Prov3_Esce_69","TTB",1980.2,1980.7,68.1,68.1,1,1.001
"Prov3_Esce_70","Gamma",1911.8,1855.5,58.7,58.7,1.003,1.004
"Prov3_Esce_70","Jeffreys",1806,1759.6,56.3,56.3,1.003,1.004
"Prov3_Esce_70","TTB",2079.8,2103.6,71.5,71.5,1.001,1.001
"Prov3_Esce_71","Gamma",2128.1,1819.9,69.7,69.7,1,1.001
"Prov3_Esce_71","Jeffreys",1982.5,1936.8,63.9,63.9,1,1
"Prov3_Esce_71","TTB",2068.5,2102.4,68.6,68.6,1.001,1
"Prov3_Esce_72","Gamma",2055.5,2060.7,66.3,66.3,1,1
"Prov3_Esce_72","Jeffreys",1952.7,2022.4,69.1,69.1,1,1
"Prov3_Esce_72","TTB",1996.8,1972.3,60.8,60.8,1,1.001
